"0","sample_of_fish = rnorm(n = 10, mean = 106, sd = 30)"
"0","sample_of_fish"
"1"," [1]"
"1","  70.49874"
"1","  89.82806"
"1","  59.28791"
"1","  85.84830"
"1"," 133.40726"
"1","  82.98290"
"1"," 133.60812"
"1","
"
"1"," [8]"
"1"," 115.87582"
"1"," 117.92845"
"1","  41.56392"
"1","
"
