"0","sample_of_fish = rnorm(n = 10, mean = 106, sd = 30)"
"0","sample_of_fish"
"1"," [1]"
"1"," 104.30193"
"1"," 119.27343"
"1","  97.67436"
"1"," 105.25194"
"1"," 137.97280"
"1"," 108.75004"
"1"," 120.90074"
"1","
"
"1"," [8]"
"1"," 154.46594"
"1"," 126.75112"
"1","  88.50014"
"1","
"
