"0","sample_of_fish = rnorm(n = 10, mean = 106, sd = 30)"
"0","sample_of_fish"
"1"," [1]"
"1"," 122.65281"
"1","  76.94308"
"1"," 121.50008"
"1"," 108.10073"
"1"," 110.92786"
"1","  66.72003"
"1","  30.67038"
"1"," 130.74397"
"1","  74.45925"
"1","  83.15349"
"1","
"
